sample_name,Output,Bam_file_path,Sample_ID,Group,GFF_file_path,count_features,gff_annotation,minimum_fragment,maximum_fragment,padj_cutoff,log2fc_cutoff,Compare1,Compare2,Compare3
JB251211,/research/groups/ma1grp/home/zyu/work_2026/RNA_seq_3_March/re_anlysis/2_Deseq2_analysis/ouput,/research/groups/ma1grp/home/zyu/work_2026/RNA_seq_3_March/re_anlysis/1_Bulk_for_long/output_result/JB251211/5_total_stat/trim_bam_files/sample1_1_reads.ref_sample_1.sorted_reads.bam,sample1_1,P,/research/groups/ma1grp/home/zyu/work_2026/RNA_seq_3_March/re_anlysis/2_Deseq2_analysis/JB251030/ref/sample_1.gff3,"CDS,ncRNA,tmRNA,regulatory_region,oriT,oriC",ID,30,3000,0.05,2,yes,yes,
JB251211,/research/groups/ma1grp/home/zyu/work_2026/RNA_seq_3_March/re_anlysis/2_Deseq2_analysis/ouput,/research/groups/ma1grp/home/zyu/work_2026/RNA_seq_3_March/re_anlysis/1_Bulk_for_long/output_result/JB251211/5_total_stat/trim_bam_files/sample1_2_reads.ref_sample_1.sorted_reads.bam,sample1_2,P,/research/groups/ma1grp/home/zyu/work_2026/RNA_seq_3_March/re_anlysis/2_Deseq2_analysis/JB251030/ref/sample_1.gff3,"CDS,ncRNA,tmRNA,regulatory_region,oriT,oriC",ID,30,3000,0.05,2,yes,yes,
JB251211,/research/groups/ma1grp/home/zyu/work_2026/RNA_seq_3_March/re_anlysis/2_Deseq2_analysis/ouput,/research/groups/ma1grp/home/zyu/work_2026/RNA_seq_3_March/re_anlysis/1_Bulk_for_long/output_result/JB251211/5_total_stat/trim_bam_files/sample1_3_reads.ref_sample_1.sorted_reads.bam,sample1_3,P,/research/groups/ma1grp/home/zyu/work_2026/RNA_seq_3_March/re_anlysis/2_Deseq2_analysis/JB251030/ref/sample_1.gff3,"CDS,ncRNA,tmRNA,regulatory_region,oriT,oriC",ID,30,3000,0.05,2,yes,yes,
JB251211,/research/groups/ma1grp/home/zyu/work_2026/RNA_seq_3_March/re_anlysis/2_Deseq2_analysis/ouput,/research/groups/ma1grp/home/zyu/work_2026/RNA_seq_3_March/re_anlysis/1_Bulk_for_long/output_result/JB251211/5_total_stat/trim_bam_files/sample2_1_reads.ref_sample_1.sorted_reads.bam,sample2_1,F1,/research/groups/ma1grp/home/zyu/work_2026/RNA_seq_3_March/re_anlysis/2_Deseq2_analysis/JB251030/ref/sample_1.gff3,"CDS,ncRNA,tmRNA,regulatory_region,oriT,oriC",ID,30,3000,0.05,2,yes,,yes
JB251211,/research/groups/ma1grp/home/zyu/work_2026/RNA_seq_3_March/re_anlysis/2_Deseq2_analysis/ouput,/research/groups/ma1grp/home/zyu/work_2026/RNA_seq_3_March/re_anlysis/1_Bulk_for_long/output_result/JB251211/5_total_stat/trim_bam_files/sample2_2_reads.ref_sample_1.sorted_reads.bam,sample2_2,F1,/research/groups/ma1grp/home/zyu/work_2026/RNA_seq_3_March/re_anlysis/2_Deseq2_analysis/JB251030/ref/sample_1.gff3,"CDS,ncRNA,tmRNA,regulatory_region,oriT,oriC",ID,30,3000,0.05,2,yes,,yes
JB251211,/research/groups/ma1grp/home/zyu/work_2026/RNA_seq_3_March/re_anlysis/2_Deseq2_analysis/ouput,/research/groups/ma1grp/home/zyu/work_2026/RNA_seq_3_March/re_anlysis/1_Bulk_for_long/output_result/JB251211/5_total_stat/trim_bam_files/sample2_3_reads.ref_sample_1.sorted_reads.bam,sample2_3,F1,/research/groups/ma1grp/home/zyu/work_2026/RNA_seq_3_March/re_anlysis/2_Deseq2_analysis/JB251030/ref/sample_1.gff3,"CDS,ncRNA,tmRNA,regulatory_region,oriT,oriC",ID,30,3000,0.05,2,yes,,yes
JB251211,/research/groups/ma1grp/home/zyu/work_2026/RNA_seq_3_March/re_anlysis/2_Deseq2_analysis/ouput,/research/groups/ma1grp/home/zyu/work_2026/RNA_seq_3_March/re_anlysis/1_Bulk_for_long/output_result/JB251211/5_total_stat/trim_bam_files/sample3_1_reads.ref_sample_1.sorted_reads.bam,sample3_1,F2,/research/groups/ma1grp/home/zyu/work_2026/RNA_seq_3_March/re_anlysis/2_Deseq2_analysis/JB251030/ref/sample_1.gff3,"CDS,ncRNA,tmRNA,regulatory_region,oriT,oriC",ID,30,3000,0.05,2,,yes,yes
JB251211,/research/groups/ma1grp/home/zyu/work_2026/RNA_seq_3_March/re_anlysis/2_Deseq2_analysis/ouput,/research/groups/ma1grp/home/zyu/work_2026/RNA_seq_3_March/re_anlysis/1_Bulk_for_long/output_result/JB251211/5_total_stat/trim_bam_files/sample3_2_reads.ref_sample_1.sorted_reads.bam,sample3_2,F2,/research/groups/ma1grp/home/zyu/work_2026/RNA_seq_3_March/re_anlysis/2_Deseq2_analysis/JB251030/ref/sample_1.gff3,"CDS,ncRNA,tmRNA,regulatory_region,oriT,oriC",ID,30,3000,0.05,2,,yes,yes
JB251211,/research/groups/ma1grp/home/zyu/work_2026/RNA_seq_3_March/re_anlysis/2_Deseq2_analysis/ouput,/research/groups/ma1grp/home/zyu/work_2026/RNA_seq_3_March/re_anlysis/1_Bulk_for_long/output_result/JB251211/5_total_stat/trim_bam_files/sample3_3_reads.ref_sample_1.sorted_reads.bam,sample3_3,F2,/research/groups/ma1grp/home/zyu/work_2026/RNA_seq_3_March/re_anlysis/2_Deseq2_analysis/JB251030/ref/sample_1.gff3,"CDS,ncRNA,tmRNA,regulatory_region,oriT,oriC",ID,30,3000,0.05,2,,yes,yes
